MaChuyenXu;MaGiaoDan;NgayChuyen;NoiChuyen;LoaiChuyen;GhiChuChuyen;UpdateDate;MaGiaoXuRieng;DeleteClient
1;119;;;2;;2009-11-10 22:40:27;;0
2;120;;;2;;2009-11-10 22:40:27;;0
3;288;1975;Bình Dương;1;;2009-11-11 23:03:25;;0
4;309;1994;Rạch Giá;1;;2009-11-12 22:51:04;;0
5;310;1994;Rạch Giá;1;;2009-11-12 22:52:47;;0
6;324;12/09/1999;Kontum;1;;2009-11-12 23:25:17;;0
7;322;12/09/1999;Kontum;1;;2009-11-12 23:25:42;;0
8;323;12/09/1999;Kontum;1;;2009-11-12 23:26:08;;0
9;747;1990;Phục Lễ;1;;2009-11-26 16:36:50;;0
10;918;24/02/2005;Phục Lễ, Thái Bình (Bắc VN);1;;2009-12-09 07:17:39;;0
11;1450;1995;Thánh Tâm, hạt Hố Nai, gp Xuân Lộc;1;;2009-12-25 16:14:33;;0
12;1461;1991;Lai Ổn, hạt Hòa Thanh, gp Xuân Lộc;1;;2009-12-25 16:21:59;;0
13;1534;12/09/1999;Núi Tung, Xuân Lộc;1;;2009-12-25 23:20:24;;0
14;1539;27/05/1999;Ngọc Đồng, Hòa Thanh, Xuân Lộc;1;;2009-12-25 23:39:30;;0
15;2158;;Tâm Hòa, hạt An Bình, gp Xuân Lộc;2;;2010-01-13 21:55:48;;0
16;2159;;Tâm Hòa, hạt An Bình, gp Xuân Lộc;2;;2010-01-13 21:55:48;;0
17;2198;23/04/2008;..., Gp Sài Gòn;1;;2010-01-14 07:14:04;;0
18;2703;10/09/2000;Quỳnh Lang, Thái Bình;1;;2010-01-24 22:20:52;;0
19;3235;20/06/2014;Gx Hòa Bình, Gh Hòa Thanh;2;;2010-03-07 20:17:12;;0
20;3239;14/09/2017;Gx Thánh Tâm, Hạt Hố Nai, Gp Xuân Lộc;2;;2010-03-23 15:52:20;;0
21;2175;2010;Thái Hòa;2;;2010-05-05 11:19:28;;0
22;2176;2010;Thái Hòa;2;;2010-05-05 11:19:28;;0
23;2177;2010;Thái Hòa;2;;2010-05-05 11:19:28;;0
24;2178;2010;Thái Hòa;2;;2010-05-05 11:19:28;;0
25;2179;2010;Thái Hòa;2;;2010-05-05 11:19:28;;0
26;3265;;Bùi Chu;2;;2010-05-12 10:55:55;;0
27;3266;;Bùi Chu;2;;2010-05-12 10:55:55;;0
28;3267;;Bùi Chu;2;;2010-05-12 10:55:55;;0
29;2052;14/05/2010;Xuân Hòa, Hạt Tân Mai, Xuân Lộc;2;;2010-05-16 09:08:10;;0
30;2053;14/05/2010;Xuân Hòa, Hạt Tân Mai, Xuân Lộc;2;;2010-05-16 09:09:40;;0
31;2054;14/05/2010;Xuân Hòa, Hạt Tân Mai, Xuân Lộc;2;;2010-05-16 09:09:41;;0
32;2055;14/05/2010;Xuân Hòa, Hạt Tân Mai, Xuân Lộc;2;;2010-05-16 09:09:41;;0
33;3268;14/05/2010;Xuân Hòa, Hạt Tân Mai, Xuân Lộc;2;;2010-05-16 09:09:41;;0
34;3271;01/05/2010;Tam Bố, Hạt Di Linh. Đà Lạt;1;;2010-05-16 09:18:40;;0
35;3276;17/06/2010;Ngọc Đồng;1;;2010-06-21 17:30:40;;0
36;3277;17/06/2010;Ngọc Đồng;1;;2010-06-21 17:33:08;;0
37;1178;07/07/2010;Giáo Xứ Kim Hòa, Giáo Hạt Daklak, Gp Ban Mê Thuột;2;;2010-07-06 21:15:59;;0
38;1179;07/07/2010;Giáo Xứ Kim Hòa, Giáo Hạt Daklak, Gp Ban Mê Thuột;2;;2010-07-06 21:16:00;;0
39;1180;07/07/2010;Giáo Xứ Kim Hòa, Giáo Hạt Daklak, Gp Ban Mê Thuột;2;;2010-07-06 21:16:00;;0
40;1181;07/07/2010;Giáo Xứ Kim Hòa, Giáo Hạt Daklak, Gp Ban Mê Thuột;2;;2010-07-06 21:16:00;;0
41;1182;07/07/2010;Giáo Xứ Kim Hòa, Giáo Hạt Daklak, Gp Ban Mê Thuột;2;;2010-07-06 21:16:00;;0
42;1183;07/07/2010;Giáo Xứ Kim Hòa, Giáo Hạt Daklak, Gp Ban Mê Thuột;2;;2010-07-06 21:16:00;;0
43;1184;07/07/2010;Giáo Xứ Kim Hòa, Giáo Hạt Daklak, Gp Ban Mê Thuột;2;;2010-07-06 21:16:01;;0
44;3307;;Gx Tiên Chu, Gh Hòa Thanh, Gp Xuân Lộc;1;;2010-08-23 17:36:06;;0
45;3321;04/09/2010;Hà Nội, Hạt Hố Nai, Gp Xuân Lộc;1;;2010-09-10 08:51:04;;0
46;3306;07/08/2010;Kẻ Sặt, Hạt Hố Nai, Gp Xuân Lộc;1;;2010-09-10 08:51:42;;0
47;3323;18/09/2010;Lộ Đức, Gp Long Xuyên;1;;2010-09-17 23:14:20;;0
48;3325;09/11/2010;Quan Lãng, Gp Vinh;1;lập gia đình;2010-09-20 10:42:21;;0
49;3343;;Quảng Nạp, Gp Phát Diệm;1;;2010-10-03 21:03:34;;0
50;3344;;Quỳnh Nạp, Gp Phát Diệm;1;;2010-10-03 21:06:41;;0
51;3351;;Đồng Phát, Gp Xuân Lộc;1;;2010-10-03 21:41:36;;0
52;3355;;Truyền Tin, Gp Thái Bình;1;;2010-10-03 21:53:34;;0
53;3359;;La Mã, Gp Vĩnh Long;1;;2010-10-03 22:08:42;;0
54;3362;;Gia Viên, Gp Xuân Lộc;1;;2010-10-03 22:21:06;;0
55;3365;;Tâm An, Gp Xuân Lộc;1;;2010-10-03 22:35:21;;0
56;3370;;Phúc Lâm, Gp Xuân Lộc;1;;2010-10-03 22:53:44;;0
57;3376;10/10/2010;Gx Tiên Chu, Gh Hòa Thanh, Gp Xuân Lộc;1;;2010-10-05 22:05:15;;0
58;3282;;Thái Hòa;1;;2010-10-07 14:59:43;;0
59;3183;;;1;;2010-10-07 15:01:30;;0
60;3186;;;1;;2010-10-07 15:02:07;;0
61;2654;22/11/2010;Hoa Kỳ;2;;2010-11-21 22:34:21;;0
62;2655;22/11/2010;Hoa Kỳ;2;;2010-11-21 22:34:21;;0
63;2656;22/11/2010;Hoa Kỳ;2;;2010-11-21 22:34:21;;0
64;2657;22/11/2010;Hoa Kỳ;2;;2010-11-21 22:34:21;;0
65;2658;22/11/2010;Hoa Kỳ;2;;2010-11-21 22:34:21;;0
66;2659;22/11/2010;Hoa Kỳ;2;;2010-11-21 22:34:21;;0
67;2660;22/11/2010;Hoa Kỳ;2;;2010-11-21 22:34:21;;0
69;2130;2009;Hoa Kỳ;2;;2010-11-21 22:38:58;;0
70;2131;2009;Hoa Kỳ;2;;2010-11-21 22:38:58;;0
71;2132;2009;Hoa Kỳ;2;;2010-11-21 22:38:58;;0
72;2133;2009;Hoa Kỳ;2;;2010-11-21 22:38:59;;0
73;805;24/11/2010;Thanh Hóa, Hạt Hòa Thanh, Gp Xuân Lộc;2;;2010-11-23 22:13:46;;0
74;806;24/11/2010;Thanh Hóa, Hạt Hòa Thanh, Gp Xuân Lộc;2;;2010-11-23 22:13:46;;0
75;807;24/11/2010;Thanh Hóa, Hạt Hòa Thanh, Gp Xuân Lộc;2;;2010-11-23 22:13:46;;0
76;808;24/11/2010;Thanh Hóa, Hạt Hòa Thanh, Gp Xuân Lộc;2;;2010-11-23 22:13:46;;0
78;2681;17/02/2011;Gx Bùi Chu, Hạt Phú Thịnh;2;;2011-02-17 09:26:07;;0
79;2682;17/02/2011;Gx Bùi Chu, Hạt Phú Thịnh;2;;2011-02-17 09:26:07;;0
80;2683;17/02/2011;Gx Bùi Chu, Hạt Phú Thịnh;2;;2011-02-17 09:26:07;;0
81;600;18/02/2011;Gx Thái Hòa, Gh Hòa Thanh;2;;2011-02-17 20:30:25;;0
82;601;18/02/2011;Gx Thái Hòa, Gh Hòa Thanh;2;;2011-02-17 20:30:25;;0
83;602;18/02/2011;Gx Thái Hòa, Gh Hòa Thanh;2;;2011-02-17 20:30:26;;0
84;603;18/02/2011;Gx Thái Hòa, Gh Hòa Thanh;2;;2011-02-17 20:30:26;;0
85;1413;19/02/2011;Hoa Kỳ;2;;2011-02-18 19:42:26;;0
86;1414;19/02/2011;Hoa Kỳ;2;;2011-02-18 19:42:43;;0
87;1416;19/02/2011;Hoa Kỳ;2;;2011-02-18 19:43:01;;0
88;1417;19/02/2011;Hoa Kỳ;2;;2011-02-18 19:43:13;;0
89;1418;19/02/2011;Hoa Kỳ;2;;2011-02-18 19:43:26;;0
90;998;2010;Hoa Kỳ;2;;2011-02-19 07:22:34;;0
91;999;2010;Hoa Kỳ;2;;2011-02-19 07:22:45;;0
92;1000;2010;Hoa Kỳ;2;;2011-02-19 07:22:58;;0
93;1001;2010;Hoa Kỳ;2;;2011-02-19 07:23:10;;0
201;2680;;Bùi Chu, Hạt Phú Thịnh;2;;2012-03-01 00:30:05;;0
94;3426;01/03/2011;Giáo Họ La Đao, Nhà Nông, Bắc Ninh;1;;2011-03-02 09:09:49;;0
95;3427;01/03/2011;Giáo Họ La Đao, Nhà Nông, Bắc Ninh;1;;2011-03-02 09:11:29;;0
96;3430;01/03/2011;Bùi Đệ, Hạt Phú Thịnh, Gp Xuân Lộc;1;;2011-03-02 20:04:19;;0
97;3431;01/03/2011;Bùi Đệ, Hạt Phú Thịnh, Gp Xuân Lộc;1;;2011-03-02 20:06:17;;0
98;3433;01/03/2011;Bình Thuận;1;;2011-03-03 22:53:51;;0
99;3434;01/03/2011;;1;;2011-03-03 22:56:07;;0
100;3437;01/03/2011;Lạc Thành, Gp Bùi Chu;1;;2011-03-03 23:11:13;;0
101;3439;01/03/2011;Lạc Nghiệp, Gp Đà Lạt;1;;2011-03-04 06:54:48;;0
102;3440;;Lạc Nghiệp, Gp Đà Lạt;1;;2011-03-04 06:56:49;;0
103;3442;;Kẻ Sặt, Hạt Hố Nai, Gp Xuân Lộc;1;;2011-03-04 07:04:27;;0
104;3443;;Kẻ Sặt, Hạt Hố Nai, Gp Xuân Lộc;1;;2011-03-04 07:05:55;;0
105;3447;;Đaminh, Gp Xuân Lộc;1;;2011-03-04 07:18:30;;0
106;3448;;Đaminh, Gp Xuân Lộc;1;;2011-03-04 07:20:20;;0
107;1116;;Hoa Kỳ;2;;2011-04-27 06:22:23;;0
108;1303;;Hoa Kỳ;2;;2011-04-27 06:22:23;;0
109;3479;;Phước Minh, Hạt Tha La, Gp Phú Cường;1;;2011-05-06 23:49:59;;0
110;3481;;Thái Hòa;1;;2011-05-07 21:42:38;;0
111;2939;;Hà Nội, Hạt Hố Nai, Gp Xuân Lộc;1;;2011-05-26 18:29:20;;0
112;3010;;Bùi Đức, Hạt Tân Mai;1;;2011-05-26 18:32:23;;0
113;3488;;Ngọc Đồng, Hạt Hòa Thanh, Gp Xuân Lộc;1;;2011-05-27 21:30:33;;0
114;3508;;Tâm Hòa, Hạt An Bình, Gp Xuân Lộc;1;;2011-06-05 09:29:50;;0
115;3514;;Tân Thành;1;;2011-06-08 06:36:23;;0
116;3516;;Nam Đồng, Gp Bà Rịa;1;;2011-06-09 22:57:40;;0
117;3500;;La Ngà, Gp Xuân Lộc;1;;2011-06-11 20:46:02;;0
118;3503;;;1;;2011-06-11 20:46:18;;0
119;3518;;Vườn Ngô. Hạt Phú Thịnh, Gp Xuân Lộc;1;;2011-06-15 19:41:08;;0
121;3177;25/06/2011;Hoa Kỳ;2;;2011-06-19 18:18:41;;0
122;1909;21/07/2011;Họ Đaminh, Gx Thanh Hóa, Hạt Hòa Thanh, Gp Xuân Lộc;2;;2011-07-21 06:49:29;;0
123;3326;21/07/2011;Họ Đaminh, Gx Thanh Hóa, Hạt Hòa Thanh, Gp Xuân Lộc;2;;2011-07-21 06:49:29;;0
124;3327;21/07/2011;Họ Đaminh, Gx Thanh Hóa, Hạt Hòa Thanh, Gp Xuân Lộc;2;;2011-07-21 06:49:29;;0
125;3409;21/07/2011;Họ Đaminh, Gx Thanh Hóa, Hạt Hòa Thanh, Gp Xuân Lộc;2;;2011-07-21 06:49:30;;0
127;2001;17/08/2011;Gx Sài Quất, Hạt Hòa Thanh, Gp Xuân Lộc;2;;2011-08-17 07:27:35;;0
128;2002;17/08/2011;Gx Sài Quất, Hạt Hòa Thanh, Gp Xuân Lộc;2;;2011-08-17 07:27:35;;0
129;2003;17/08/2011;Gx Sài Quất, Hạt Hòa Thanh, Gp Xuân Lộc;2;;2011-08-17 07:27:35;;0
130;2004;17/08/2011;Gx Sài Quất, Hạt Hòa Thanh, Gp Xuân Lộc;2;;2011-08-17 07:27:35;;0
131;3215;17/08/2011;Gx Sài Quất, Hạt Hòa Thanh, Gp Xuân Lộc;2;;2011-08-17 07:27:36;;0
132;12;10/08/2011;Hoa Kỳ;2;;2011-08-21 14:22:37;;0
133;13;10/08/2011;Hoa Kỳ;2;;2011-08-21 14:22:37;;0
134;14;10/08/2011;Hoa Kỳ;2;;2011-08-21 14:22:37;;0
135;15;10/08/2011;Hoa Kỳ;2;;2011-08-21 14:22:37;;0
136;16;10/08/2011;Hoa Kỳ;2;;2011-08-21 14:22:37;;0
199;3176;25/06/2011;Hoa Kỳ;2;;2012-02-21 21:50:05;;0
200;1079;;hoa kỳ;2;;2012-02-21 21:54:49;;0
211;3034;;Hoa Kỳ 13.03.2012;2;;2012-03-11 20:08:08;;0
137;3536;;Thái An, Hạt Biên Hòa, Gp Xuân Lộc;1;;2011-08-24 06:59:08;;0
138;3538;;Suối Cát, Hạt Xuân Lộc, Gp Xuân Lộc;1;;2011-09-02 21:46:59;;0
139;3141;07/09/2011;Gx Lộ Đức, Hạt Hòa Thanh, Gp Xuân Lộc;2;;2011-09-06 16:18:31;;0
140;3142;07/09/2011;Gx Lộ Đức, Hạt Hòa Thanh, Gp Xuân Lộc;2;;2011-09-06 16:18:31;;0
141;3143;07/09/2011;Gx Lộ Đức, Hạt Hòa Thanh, Gp Xuân Lộc;2;;2011-09-06 16:18:31;;0
142;3144;07/09/2011;Gx Lộ Đức, Hạt Hòa Thanh, Gp Xuân Lộc;2;;2011-09-06 16:18:31;;0
143;3549;;Hải Dương, Hạt Hố Nai, Gp Xuân Lộc;1;;2011-09-21 15:07:43;;0
145;3551;26/08/2016;Gx Xuân Hòa, Hạt Tân Mai, Gp Xuân Lộc;2;;2011-09-23 22:05:34;;0
146;3552;26/08/2016;Gx Xuân Hòa, Hạt Tân Mai, Gp Xuân Lộc;2;;2011-09-23 22:07:01;;0
147;3555;;Thánh Tâm, Hạt Hố Nai;1;;2011-09-23 22:14:18;;0
148;3556;;Thánh Tâm, Hạt Hố Nai;1;;2011-09-23 22:16:36;;0
149;3560;;Đông Vinh, Hạt Hòa Thanh;1;;2011-09-23 23:30:29;;0
150;3561;;Đông Vinh, Hạt Hòa Thanh;1;;2011-09-23 23:31:30;;0
154;3565;;Tiên Chu, Hạt Hòa Thanh, Gp Xuân Lộc;1;;2011-09-28 07:29:26;;0
155;3564;;Tiên Chu, Hạt Hòa Thanh, Gp Xuân Lộc;1;;2011-09-28 07:29:34;;0
156;3568;;Sài Quất, Hạt Hòa Thanh, Gp Xuân Lộc;1;;2011-09-28 07:36:51;;0
157;3569;;Sài Quất, Hạt Hòa Thanh, Gp Xuân Lộc;1;;2011-09-28 07:37:55;;0
159;3576;;Sài Quất, Hạt Hòa Thanh, Gp Xuân Lộc;1;;2011-09-28 07:53:38;;0
160;3579;;Hòa Bình, Hạt Hòa Thanh, Gp Xuân Lộc;1;;2011-10-01 07:10:34;;0
162;3603;;Vân Am, Gp Thái Bình;1;;2011-10-03 22:13:48;;0
163;3604;;Vân Am, Gp Thái Bình;1;;2011-10-03 22:16:17;;0
164;3605;;Vân Am, Gp Thái Bình;1;;2011-10-03 22:19:53;;0
165;3606;;Vân Am, Gp Thái Bình;1;;2011-10-03 22:23:51;;0
166;3607;;Vân Am, Gp Thái Bình;1;;2011-10-03 22:28:36;;0
167;3609;;;1;;2011-10-03 22:39:01;;0
168;3610;;;1;;2011-10-03 22:40:15;;0
169;3613;;;1;;2011-10-03 22:48:04;;0
170;3614;;;1;;2011-10-03 22:50:53;;0
171;3619;;;1;;2011-10-05 17:09:51;;0
172;3620;;;1;;2011-10-05 17:11:14;;0
173;3624;;Đồng Hiệp, Hạt Phương Lâm, Gp Xuân Lộc;1;;2011-10-12 06:47:53;;0
174;1030;;Hoa Kỳ;2;;2011-10-12 21:05:15;;0
175;1211;;Hoa Kỳ;2;;2011-10-12 21:06:33;;0
176;3627;;Đồng Giá, Gp Hải Phòng;1;;2011-10-19 09:00:04;;0
177;3630;;Ngọc Đồng, Hạt Hòa Thanh;1;;2011-10-28 21:19:49;;0
178;3645;;Phú Tảo, Hạt Hố Nai, Gp Xuân Lộc;1;;2011-11-06 10:02:27;;0
179;3647;;Bùi Chu, Hạt Phú Thịnh, Gp Xuân Lộc;1;;2011-11-09 08:58:15;;0
180;413;16/10/2013;Gx Hà Nội, Hạt Hố Nai, Gp Xuân Lộc;2;;2011-11-11 07:03:05;;0
181;414;16/10/2013;Gx Hà Nội, Hạt Hố Nai, Gp Xuân Lộc;2;;2011-11-11 07:03:05;;0
182;415;16/10/2013;Gx Hà Nội, Hạt Hố Nai, Gp Xuân Lộc;2;;2011-11-11 07:03:05;;0
183;2744;17/11/2011;Gx Tiên Chu, Hạt Hòa Thanh, Gp Xuân Lộc;2;;2011-11-16 21:11:18;;0
184;2745;17/11/2011;Gx Tiên Chu, Hạt Hòa Thanh, Gp Xuân Lộc;2;;2011-11-16 21:11:18;;0
185;2746;17/11/2011;Gx Tiên Chu, Hạt Hòa Thanh, Gp Xuân Lộc;2;;2011-11-16 21:11:18;;0
186;2747;17/11/2011;Gx Tiên Chu, Hạt Hòa Thanh, Gp Xuân Lộc;2;;2011-11-16 21:11:18;;0
205;3754;;Hoa Kỳ;2;;2012-03-02 23:37:38;;0
206;3776;;Bùi Vĩnh, Hạt Tân Mai;1;;2012-03-05 09:59:05;;0
213;2129;2009;Hoa Kỳ;2;;2012-03-14 23:09:51;;0
214;277;;;2;;2012-03-15 08:18:18;;0
187;2748;17/11/2011;Gx Tiên Chu, Hạt Hòa Thanh, Gp Xuân Lộc;2;;2011-11-16 21:11:18;;0
188;3660;;Thái Hiệp, Hạt Biên Hòa, Gp Xuân Lộc;1;;2011-12-10 16:27:37;;0
190;3665;;Đồng Hiệp, Gp Xuân Lộc;1;;2011-12-11 22:27:50;;0
191;3667;;Bùi Chu, Hạt Phú Thịnh, Gp Xuân Lộc;1;;2011-12-14 18:31:13;;0
192;3673;;Lê Bảo Tịnh, Gp Đà Lạt;1;;2012-01-04 20:50:59;;0
193;3688;;Mỹ Hoán, Gp Nha Trang;1;;2012-01-15 07:17:14;;0
194;3690;;Thánh Tâm, Hạt Hố Nai, Gp Xuân Lộc;1;;2012-01-19 07:01:40;;0
196;3700;;Bùi Chu, Hạt Phú Thịnh, Gp Xuân Lộc;1;;2012-02-14 16:36:36;;0
197;3711;;Đông Hà, Hạt Quảng Trị, Tgp Huế;1;;2012-02-17 07:13:13;;0
198;3716;;Minh Đức Tgp Sài Gòn;1;;2012-02-20 06:48:49;;0
204;3727;18/02/2011;Gx Thái Hòa, Gh Hòa Thanh;2;;2012-03-02 07:31:35;;0
207;3707;;Bùi Vĩnh. Hạt Tân Mai;1;;2012-03-05 10:28:39;;0
208;3783;;Tân Mỹ, Gp Thái Bình;1;;2012-03-05 10:35:41;;0
209;3784;;Tân Mỹ, Gp Thái Bình;1;;2012-03-05 10:37:54;;0
210;3521;;Tân Bắc;1;;2012-03-07 21:11:55;;0
215;278;;;2;;2012-03-15 08:18:28;;0
216;3805;26/04/2017;Gx Thánh Tâm, Hạt Hố Nai, Gp Xuân Lộc;2;;2012-05-16 06:44:37;;0
217;3804;26/04/2017;Gx Thánh Tâm, Hạt Hố Nai, Gp Xuân Lộc;2;;2012-05-16 06:44:56;;0
218;3811;;Giang Điền, Hạt Phú Thịnh, Gp Xuân Lộc;1;;2012-06-06 08:28:43;;0
219;3884;;;1;;2012-07-22 22:47:02;;0
220;3885;;;1;;2012-07-22 22:48:30;;0
221;3809;;Gx Trà Cổ, Hạt Phú Thịnh, Gp Xuân Lộc;1;;2012-08-22 18:12:58;;0
222;3905;19/05/2014;Giáo Họ Biệt Lập Phanxicô, Hạt Tân Mai;2;;2012-08-26 08:36:32;;0
223;3919;;Phúc Lâm, Hạt Hố Nai, Gp Xuân Lộc;1;;2012-09-11 08:48:06;;0
224;2181;;;2;;2012-09-11 09:06:13;;0
225;3922;;Thanh Hóa, Hạt Hòa Thanh, Gp Xuân Lộc;1;;2012-09-14 06:49:45;;0
226;3895;;Gx Thái Hòa, Gh Hòa Thanh;1;;2012-09-26 09:15:10;;0
227;3951;;Vân Am, Gp Thái Bình;1;;2012-11-01 21:31:31;;0
228;3832;;Định Quán;1;;2012-11-05 09:05:46;;0
229;3841;;Sáu Bọng, Gp Long Xuyên;1;;2012-11-05 09:07:00;;0
230;3836;;Sáu Bọng, Gp Long Xuyên;1;;2012-11-05 09:09:44;;0
231;3840;;Môi Khôi, Gp Long Xuyên;1;;2012-11-05 09:11:50;;0
232;3899;;Thái Hòa;1;;2012-11-20 22:26:22;;0
233;3898;;Thái Hòa;1;;2012-11-20 22:26:33;;0
234;3906;;Bùi Đệ, Hạt Phú Thịnh, Gp Xuân Lộc;1;;2012-11-20 22:29:40;;0
235;3907;;Bùi Đệ, Hạt Phú Thịnh, Gp Xuân Lộc;1;;2012-11-20 22:30:02;;0
236;3981;;Hàng Gòn, Hạt Xuân Lộc, Gp Xuân Lộc;1;;2012-12-06 07:29:04;;0
237;3980;;Hàng Gòn, Hạt Xuân Lộc, Gp Xuân Lộc;1;;2012-12-06 07:43:06;;0
238;3986;22/02/2016;Gx Thái Hiệp, Hạt Biên Hòa, Gp Xuân Lộc;2;;2012-12-10 22:25:16;;0
239;3991;;Thánh Tâm, Hạt Hố Nai, Gp Xuân Lộc;1;;2012-12-28 06:58:27;;0
240;3992;;Bạc Liêu, Hạt Bạc Liêu, Gp Cần Thơ;1;;2012-12-28 16:55:08;;0
241;3993;;Lộc Hòa, Hạt An Bình, Gp Xuân Lộc;1;;2012-12-28 16:57:52;;0
242;4024;;Tân Hà, Gp Đà Lạt;1;;2013-03-06 06:42:36;;0
243;4025;;Tân Hà, Gp Đà Lạt;1;;2013-03-06 06:44:18;;0
244;3987;;Nam Bình;1;;2013-03-13 06:46:43;;0
245;3962;;Thiên Long;1;;2013-03-20 22:18:25;;0
246;3963;;Thiên Long;1;;2013-03-20 22:18:46;;0
247;3964;;Thiên Long;1;;2013-03-20 22:19:05;;0
248;3965;;Thiên Long;1;;2013-03-20 22:19:24;;0
249;3966;;Thiên Long;1;;2013-03-20 22:19:39;;0
250;3847;;Ngọc Đồng, Hạt Hòa Thanh, Gp Xuân Lộc;1;;2013-03-20 22:20:22;;0
251;3848;;Ngọc Đồng, Hạt Hòa Thanh, Gp Xuân Lộc;1;;2013-03-20 22:20:39;;0
252;3849;;Ngọc Đồng, Hạt Hòa Thanh, Gp Xuân Lộc;1;;2013-03-20 22:20:56;;0
253;3850;;Ngọc Đồng, Hạt Hòa Thanh, Gp Xuân Lộc;1;;2013-03-20 22:21:10;;0
254;3851;;Ngọc Đồng, Hạt Hòa Thanh, Gp Xuân Lộc;1;;2013-03-20 22:21:25;;0
255;4049;;Bùi Thái, Hạt Tân Mai;1;;2013-05-02 23:42:26;;0
256;4057;;Lộ Đức, Hạt Hòa Thanh, Gp Xuân Lộc;1;;2013-05-07 11:50:59;;0
257;4060;;Lộ Đức, Hạt Hòa Thanh, Gp Xuân Lộc;1;;2013-05-31 21:03:54;;0
258;4061;;Lộ Đức, Hạt Hòa Thanh, Gp Xuân Lộc;1;;2013-05-31 21:05:44;;0
259;4022;;La Tú, Gp Bắc Ninh;1;;2013-06-19 21:39:33;;0
260;4006;;Hải Nhuận, Gp Bùi Chu;1;;2013-08-07 20:19:50;;0
261;4042;;Vân Am, Hạt Thái Thụy, Gp Thái Bình;1;;2013-08-07 20:21:16;;0
262;4069;;Gx Ngọc Đồng, Hạt Hòa Thanh, Gp Xuân Lộc;1;;2013-08-07 20:25:57;;0
263;3888;;Lợi Hà;1;;2013-08-07 20:28:28;;0
264;4043;;Vân Am, Hạt Thái Thụy, Gp Thái Bình;1;;2013-08-07 20:34:58;;0
265;4044;;Vân Am, Hạt Thái Thụy, Gp Thái Bình;1;;2013-08-07 20:35:10;;0
266;4070;;Ngọc Đồng, Hạt Hòa Thanh, Gp Xuân Lộc;1;;2013-08-07 20:36:12;;0
267;4102;;Gx Tiên Chu, Gh Hòa Thanh, Gp Xuân Lộc;1;;2013-08-22 07:56:00;;0
268;4103;;Gx Tiên Chu, Gh Hòa Thanh, Gp Xuân Lộc;1;;2013-08-22 07:56:50;;0
269;4107;;Hà Nội, Hạt Hố Nai, Gp Xuân Lộc;1;;2013-08-22 08:05:36;;0
270;4108;;Hà Nội, Hạt Hố Nai, Gp Xuân Lộc;1;;2013-08-22 08:07:16;;0
271;4115;;Thánh Mẫu, Hạt Túc Trưng;1;;2013-09-04 08:59:45;;0
272;4045;;Đại Lại, Tgp Hà Nội;1;;2013-09-18 16:53:42;;0
273;756;;Tân An, Gp Mỹ Tho;1;;2013-09-23 10:28:45;;0
274;4150;;Kinh Cùng, Gp Mỹ Tho;1;;2013-10-24 06:54:21;;0
275;2877;05/11/2013;Gx Đại Lộ, Hạt Hố Nai, Gp Xuân Lộc;2;;2013-11-05 08:38:22;;0
276;2878;05/11/2013;Gx Đại Lộ, Hạt Hố Nai, Gp Xuân Lộc;2;;2013-11-05 08:38:22;;0
277;2879;05/11/2013;Gx Đại Lộ, Hạt Hố Nai, Gp Xuân Lộc;2;;2013-11-05 08:38:23;;0
278;2884;08/11/2013;Gx Đại Lộ, Hạt Hố Nai, Gp Xuân Lộc;2;;2013-11-08 06:53:09;;0
279;2885;08/11/2013;Gx Đại Lộ, Hạt Hố Nai, Gp Xuân Lộc;2;;2013-11-08 06:53:09;;0
280;2886;08/11/2013;Gx Đại Lộ, Hạt Hố Nai, Gp Xuân Lộc;2;;2013-11-08 06:53:09;;0
281;2887;08/11/2013;Gx Đại Lộ, Hạt Hố Nai, Gp Xuân Lộc;2;;2013-11-08 06:53:09;;0
282;4158;;Gx Tiên Chu, Gh Hòa Thanh, Gp Xuân Lộc;1;;2013-11-09 21:05:03;;0
283;4164;;Xuân Tây, Hạt Xuân Lộc, Gp Xuân Lộc;1;;2013-11-13 07:58:11;;0
284;2493;;Gx Thạch An, Hạt Phú Thịnh, Gp Xuân Lộc;2;;2013-12-05 21:38:53;;0
285;2494;;Gx Thạch An, Hạt Phú Thịnh, Gp Xuân Lộc;2;;2013-12-05 21:38:53;;0
286;2495;;Gx Thạch An, Hạt Phú Thịnh, Gp Xuân Lộc;2;;2013-12-05 21:38:53;;0
287;2496;;Gx Thạch An, Hạt Phú Thịnh, Gp Xuân Lộc;2;;2013-12-05 21:38:53;;0
290;4176;;Rạch Giá, Gp Long Xuyên;1;;2013-12-12 07:35:41;;0
291;4009;;Cao Thái, Tgp Sài Gòn;1;;2013-12-20 22:28:35;;0
292;4182;;Lộ Đức, Hạt Hòa Thanh, Gp Xuân Lộc;1;;2014-01-08 07:20:47;;0
293;4184;;Kẻ Sặt, Hạt Hố Nai, Gp Xuân Lộc;1;;2014-01-08 07:28:58;;0
294;4066;;Sáu Bọng, Hạt Vĩnh An, Gp Long Xuyên;1;;2014-01-08 07:35:49;;0
295;4186;;Bái Xuyên, Tgp Hà Nội;1;;2014-01-22 14:38:37;;0
296;4191;;Tân Thành, Hạt Phú Thịnh, Gp Xuân Lộc;1;;2014-01-26 08:18:18;;0
297;4204;;Thanh Tâm, Hạt Hố Nai, Gp Xuân Lộc;1;;2014-03-05 07:19:22;;0
298;4205;;Thánh Tâm, Hạt Hố Nai, Gp Xuân Lộc;1;;2014-03-05 07:20:44;;0
299;4212;;Gx Thái Hòa, Gh Hòa Thanh, Gp Xuân Lộc;1;;2014-04-02 21:52:16;;0
300;1889;;;2;;2014-04-25 06:28:21;;0
301;1890;;;2;;2014-04-25 06:28:21;;0
302;2398;19/05/2014;Giáo Họ Biệt Lập Phanxicô, Hạt Tân Mai;2;;2014-05-19 16:23:25;;0
303;4228;;Tân Bắc, Hạt Phú Thịnh, Gp Xuân Lộc;1;;2014-05-21 06:42:43;;0
304;4229;;Tiên Chu, Hạt Hòa Thanh, Gp Xuân Lộc;1;;2014-05-28 11:48:20;;0
305;4232;;Tân Lương Tgp Huế;1;;2014-05-29 06:38:09;;0
307;4241;;Tân Hà, Gp Đà Lạt;1;;2014-06-04 15:18:40;;0
308;4240;;Tân Hà, Gp Đà Lạt;1;;2014-06-04 15:18:55;;0
309;4244;;Phương Xá, Gp Thái Bình;1;;2014-06-04 15:26:09;;0
310;4245;;Phương Xá, Gp Thái Bình;1;;2014-06-04 15:27:09;;0
311;4256;;Dốc Mơ, Hạt Gia Kiệm, Gp Xuân Lộc;1;;2014-06-11 08:24:31;;0
312;2873;18/06/2014;Gx Ngọc Lâm, Hạt Phương Lâm, Gp Xuân Lộc;2;;2014-06-18 19:28:33;;0
313;2874;18/06/2014;Gx Ngọc Lâm, Hạt Phương Lâm, Gp Xuân Lộc;2;;2014-06-18 19:28:33;;0
314;2875;18/06/2014;Gx Ngọc Lâm, Hạt Phương Lâm, Gp Xuân Lộc;2;;2014-06-18 19:28:33;;0
315;2876;18/06/2014;Gx Ngọc Lâm, Hạt Phương Lâm, Gp Xuân Lộc;2;;2014-06-18 19:28:33;;0
316;3236;20/06/2014;Gx Hòa Bình, Gh Hòa Thanh;2;;2014-06-20 11:23:58;;0
317;3237;20/06/2014;Gx Hòa Bình, Gh Hòa Thanh;2;;2014-06-20 11:23:58;;0
318;3238;20/06/2014;Gx Hòa Bình, Gh Hòa Thanh;2;;2014-06-20 11:23:59;;0
319;4261;;Gx Tiên Chu, Gh Hòa Thanh, Gp Xuân Lộc;1;;2014-07-03 21:39:34;;0
320;4262;;Gx Tiên Chu, Gh Hòa Thanh, Gp Xuân Lộc;1;;2014-07-03 21:40:22;;0
321;4269;;Quảng Tâm, Hạt An Bình, Gp Xuân Lộc;1;;2014-07-23 08:17:54;;0
322;2880;01/08/2014;Hoa Kỳ;2;;2014-08-07 08:08:32;;0
323;2881;01/08/2014;Hoa Kỳ;2;;2014-08-07 08:08:32;;0
324;2882;01/08/2014;Hoa Kỳ;2;;2014-08-07 08:08:33;;0
325;2883;01/08/2014;Hoa Kỳ;2;;2014-08-07 08:08:33;;0
326;2042;26/08/2014;Gx Hà Nội, Hạt Hố Nai, Gp Xuân Lộc;2;;2014-08-26 14:59:24;;0
327;2043;26/08/2014;Gx Hà Nội, Hạt Hố Nai, Gp Xuân Lộc;2;;2014-08-26 14:59:24;;0
328;2044;26/08/2014;Gx Hà Nội, Hạt Hố Nai, Gp Xuân Lộc;2;;2014-08-26 14:59:24;;0
329;2045;26/08/2014;Gx Hà Nội, Hạt Hố Nai, Gp Xuân Lộc;2;;2014-08-26 14:59:24;;0
330;2801;26/08/2014;Gx Hà Nội, Hạt Hố Nai, Gp Xuân Lộc;2;;2014-08-26 15:00:14;;0
331;2802;26/08/2014;Gx Hà Nội, Hạt Hố Nai, Gp Xuân Lộc;2;;2014-08-26 15:00:15;;0
332;3287;01/10/2014;Gx Thái Hòa, Gh Hòa Thanh;2;;2014-10-01 21:51:26;;0
333;3288;01/10/2014;Gx Thái Hòa, Gh Hòa Thanh;2;;2014-10-01 21:51:26;;0
334;3289;01/10/2014;Gx Thái Hòa, Gh Hòa Thanh;2;;2014-10-01 21:51:26;;0
335;561;10/10/2014;Gx Thái Hòa, Gh Hòa Thanh;2;;2014-10-09 10:43:57;;0
336;562;10/10/2014;Gx Thái Hòa, Gh Hòa Thanh;2;;2014-10-09 10:43:57;;0
337;563;10/10/2014;Gx Thái Hòa, Gh Hòa Thanh;2;;2014-10-09 10:43:57;;0
338;564;10/10/2014;Gx Thái Hòa, Gh Hòa Thanh;2;;2014-10-09 10:43:58;;0
339;4327;;Võ Đắt, Gp Phan Thiết;1;;2014-11-13 06:48:00;;0
340;4328;;Thuận An, Hạt Phú Thịnh, Gp Xuân Lộc;1;;2014-11-17 06:39:36;;0
341;4330;04/08/2015;Giáo Xứ Thánh Tâm, Hạt Hố Nai, Gp Xuân Lộc;2;;2014-12-03 16:16:02;;0
342;4348;20/06/2018;Gx Thái Hòa, Gh Hòa Thanh, Gp Xuân Lộc;2;;2014-12-11 15:31:17;;0
343;4351;;Đồng Tâm;1;;2014-12-17 06:52:45;;0
344;4291;;Tân Bình, Gp Long Xuyên;1;;2014-12-24 11:32:40;;0
345;4368;;Gx Thạch An, Hạt Phú Thịnh, Gp Xuân Lộc;1;;2015-01-02 06:43:14;;0
346;4373;;La Ngà, Gp Xuân Lộc;1;;2015-01-15 06:55:17;;0
347;4379;;Bùi Chu;1;;2015-01-21 23:21:40;;0
348;4380;;Tây Hải, Hạt Hố Nai, Gp Xuân Lộc;1;;2015-01-28 06:39:41;;0
349;4381;;Suối Thông, Hạt Đơn Dương, Gp Đà Lạt;1;;2015-01-31 06:57:28;;0
350;2983;2014;Gx Hà Nội, Hạt Hố Nai, Gp Xuân Lộc;2;;2015-01-31 14:55:38;;0
351;2984;2014;Gx Hà Nội, Hạt Hố Nai, Gp Xuân Lộc;2;;2015-01-31 14:55:38;;0
352;3258;2014;Gx Hà Nội, Hạt Hố Nai, Gp Xuân Lộc;2;;2015-01-31 14:55:39;;0
353;3639;2014;Gx Hà Nội, Hạt Hố Nai, Gp Xuân Lộc;2;;2015-01-31 14:55:39;;0
354;4385;;Xuân Bảo, Hạt Xuân Lộc. Gp Xuân Lộc;1;;2015-02-03 22:37:13;;0
355;4385;;Xuân Bảo, Hạt Xuân Lộc. Gp Xuân Lộc;1;;2015-02-03 22:41:39;;0
356;4387;;Hòa Bình, Hạt Hòa Thanh, Gp Xuân Lộc;1;;2015-02-17 15:23:19;;0
357;4388;;Hòa Bình, Hạt Hòa Thanh, Gp Xuân Lộc;1;;2015-02-17 15:24:44;;0
358;666;;Nam Hà, Hạt Xuân Lộc, Gp Xuân Lộc;1;;2015-02-21 08:35:52;;0
359;4271;;Hòa Bình, Hạt Hòa Thanh, Gp Xuân Lộc;1;;2015-03-03 21:46:14;;0
360;4395;;Ngọc Đồng, Hạt Hòa Thanh, Gp Xuân Lộc;1;;2015-03-18 20:17:18;;0
361;4396;;Ngọc Đồng, Hạt Hòa Thanh, Gp Xuân Lộc;1;;2015-03-18 20:18:44;;0
362;4401;07/04/2017;Gx Xuân Hòa, Hạt Tân Mai, Gp Xuân Lộc;2;;2015-03-25 11:31:07;;0
363;4156;;Thánh Tâm, Hạt Hố Nai, Gp Xuân Lộc;1;;2015-05-08 21:40:02;;0
364;4419;;Madagoui, Gp Đà Lạt;1;;2015-05-13 14:07:12;;0
365;4420;;Madagoui, Gp Đà Lạt;1;;2015-05-13 14:08:22;;0
366;1845;24/07/2015;Giáo Xứ Ngọc Đồng, Hạt Hòa Thanh;2;;2015-07-24 06:47:13;;0
367;1846;24/07/2015;Giáo Xứ Ngọc Đồng, Hạt Hòa Thanh;2;;2015-07-24 06:47:13;;0
368;1847;24/07/2015;Giáo Xứ Ngọc Đồng, Hạt Hòa Thanh;2;;2015-07-24 06:47:13;;0
369;1848;24/07/2015;Giáo Xứ Ngọc Đồng, Hạt Hòa Thanh;2;;2015-07-24 06:47:13;;0
370;1849;24/07/2015;Giáo Xứ Ngọc Đồng, Hạt Hòa Thanh;2;;2015-07-24 06:47:13;;0
371;1850;24/07/2015;Giáo Xứ Ngọc Đồng, Hạt Hòa Thanh;2;;2015-07-24 06:47:14;;0
372;4489;;Ngô Xá;1;;2015-08-02 07:34:36;;0
373;4331;04/08/2015;Giáo Xứ Thánh Tâm, Hạt Hố Nai, Gp Xuân Lộc;2;;2015-08-03 18:48:55;;0
374;4332;04/08/2015;Giáo Xứ Thánh Tâm, Hạt Hố Nai, Gp Xuân Lộc;2;;2015-08-03 18:48:55;;0
375;4333;04/08/2015;Giáo Xứ Thánh Tâm, Hạt Hố Nai, Gp Xuân Lộc;2;;2015-08-03 18:48:55;;0
376;4334;04/08/2015;Giáo Xứ Thánh Tâm, Hạt Hố Nai, Gp Xuân Lộc;2;;2015-08-03 18:48:56;;0
377;4335;04/08/2015;Giáo Xứ Thánh Tâm, Hạt Hố Nai, Gp Xuân Lộc;2;;2015-08-03 18:48:56;;0
378;2644;13/08/2015;Giáo Xứ Bắc Hòa, Hạt Phú Thịnh;2;;2015-08-13 20:40:18;;0
379;2645;13/08/2015;Giáo Xứ Bắc Hòa, Hạt Phú Thịnh;2;;2015-08-13 20:40:18;;0
380;2646;13/08/2015;Giáo Xứ Bắc Hòa, Hạt Phú Thịnh;2;;2015-08-13 20:40:18;;0
381;3933;;Vĩnh Lợi, Gp Cần Thơ;1;;2015-08-22 22:05:39;;0
382;4500;;Bùi Chu, Hạt Phú Thịnh;1;;2015-08-26 06:36:22;;0
383;2279;12/09/2015;Gx Bùi Chu, Hạt Phú Thịnh;2;;2015-09-10 06:53:37;;0
384;2280;12/09/2015;Gx Bùi Chu, Hạt Phú Thịnh;2;;2015-09-10 06:53:37;;0
385;2281;12/09/2015;Gx Bùi Chu, Hạt Phú Thịnh;2;;2015-09-10 06:53:37;;0
386;4427;;Gx Thạch An, Hạt Phú Thịnh, Gp Xuân Lộc;1;;2015-10-07 20:38:13;;0
387;4534;;Hà Nội, Hạt Hố Nai, Gp Xuân Lộc;1;;2015-10-28 14:19:07;;0
388;4537;;Thánh Tâm, Hạt Hố Nai, Gp Xuân Lộc;1;;2015-11-06 07:06:35;;0
389;4538;;Vinh Trang, Gp Nha Trang;1;;2015-11-13 08:49:30;;0
390;4539;;Lộ Đức, Hạt Hòa Thanh, Gp Xuân Lộc;1;;2015-11-29 20:17:26;;0
391;4540;28/03/2018;Gx Thánh Đaminh, Hạt Tân Mai, Gp Xuân Lộc;2;;2015-11-29 20:20:58;;0
392;4541;;Gx Vân Am, Hạt Thái Thụy, Gp Thái Bình;1;;2015-12-02 11:41:31;;0
393;4542;;Gx Vân Am, Hạt Thái Thụy, Gp Thái Bình;1;;2015-12-02 11:42:38;;0
394;4557;;Ngọc Đồng, Hạt Hòa Thanh, Gp Xuân Lộc;1;;2015-12-09 18:06:30;;0
395;4558;;Ngọc Đồng, Hạt Hòa Thanh, Gp Xuân Lộc;1;;2015-12-09 18:08:10;;0
396;4490;;Phúc Lâm, Hạt Hố Nai, Gp Xuân Lộc;1;;2015-12-11 10:13:52;;0
397;4434;19/07/2018;Gx Lai Ổn, Hạt Hòa Thanh Gp Xuân Lộc;2;;2015-12-11 10:51:48;;0
398;4501;;Đông Vinh, Hạt Hòa Thanh;1;;2015-12-17 11:26:34;;0
399;4559;;Mỹ Xuyên, Gp Cần Thơ;1;;2015-12-20 21:16:19;;0
400;4560;;Bắc Hải, Hạt Hố Nai, Gp Xuân Lộc;1;;2015-12-29 17:40:00;;0
401;4569;;Ba Đông, Hạt Hố Nai, Gp Xuân Lộc;1;;2016-01-05 16:08:54;;0
402;4570;;Bắc Hòa, Hạt Phú Thịnh, Gp Xuân Lộc;1;;2016-01-05 16:42:46;;0
403;4573;;Thanh Hóa;1;;2016-01-13 06:37:54;;0
404;4574;;Ngọc Đồng, Hạt Hòa Thanh, Gp Xuân Lộc;1;;2016-01-13 06:42:23;;0
405;4455;;Phú Bình, Tgp Sài Gòn;1;;2016-01-13 08:30:08;;0
406;4464;;Mạc-ty-nho, Tgp Sài Gòn;1;;2016-01-14 07:17:37;;0
407;4516;;Bùi Đệ, Hạt Phú Thịnh, Gp Xuân Lộc;1;;2016-01-14 07:18:11;;0
408;4440;;Phương Xá, Gp Thái Bình;1;;2016-01-14 07:19:39;;0
409;4575;;Bùi Thái, Hạt Tân Mai, Gp Xuân Lộc;1;;2016-01-19 10:31:58;;0
410;4576;;Biên Hòa, Hạt Biên Hòa, Gp Xuân Lộc;1;;2016-01-19 10:52:10;;0
411;4432;;Đồng Hiệp, Hạt Phương Lâm, Gp Xuân Lộc;1;;2016-01-31 07:17:11;;0
412;4577;;Tân Điền, Gp Ban Mê Thuột;1;;2016-02-03 08:11:26;;0
413;4578;;Tân Điền, Gp Ban Mê Thuột;1;;2016-02-03 08:13:41;;0
414;4581;;Tân Lộc, Gp Cần Thơ;1;;2016-02-09 15:10:31;;0
415;4580;;Tân Lộc, Gp Cần Thơ;2;;2016-02-09 15:11:04;;0
416;4526;;Đông Phú, Gp Thái Bình;1;;2016-02-10 22:38:01;;0
417;3985;22/02/2016;Gx Thái Hiệp, Hạt Biên Hòa, Gp Xuân Lộc;2;;2016-02-22 21:59:26;;0
418;4053;22/02/2016;Gx Thái Hiệp, Hạt Biên Hòa, Gp Xuân Lộc;2;;2016-02-22 21:59:27;;0
419;4386;;Lai Tê, Gp Bắc Ninh;1;;2016-02-24 21:41:37;;0
420;2421;01/03/2015;Gx Phúc Hải, Hạt Biên Hòa, Gp Xuân Lộc;2;;2016-03-01 11:20:22;;0
421;2422;01/03/2015;Gx Phúc Hải, Hạt Biên Hòa, Gp Xuân Lộc;2;;2016-03-01 11:20:22;;0
422;2423;01/03/2015;Gx Phúc Hải, Hạt Biên Hòa, Gp Xuân Lộc;2;;2016-03-01 11:20:22;;0
423;2424;01/03/2015;Gx Phúc Hải, Hạt Biên Hòa, Gp Xuân Lộc;2;;2016-03-01 11:20:22;;0
424;3867;01/03/2015;Gx Phúc Hải, Hạt Biên Hòa, Gp Xuân Lộc;2;;2016-03-01 11:20:22;;0
425;2974;04/03/2016;Gx Thánh Tâm, Hạt Hố Nai, Gp Xuân Lộc;2;;2016-03-04 08:19:17;;0
426;2975;04/03/2016;Gx Thánh Tâm, Hạt Hố Nai, Gp Xuân Lộc;2;;2016-03-04 08:19:17;;0
427;3234;04/03/2016;Gx Thánh Tâm, Hạt Hố Nai, Gp Xuân Lộc;2;;2016-03-04 08:19:17;;0
428;4051;04/03/2016;Gx Thánh Tâm, Hạt Hố Nai, Gp Xuân Lộc;2;;2016-03-04 08:19:17;;0
429;4607;;Gx Bùi Chu, Hạt Phú Thịnh;1;;2016-05-07 07:42:10;;0
430;4610;;Tân Hà, Gp Đà Lạt;1;;2016-05-12 07:58:34;;0
431;4615;;;1;;2016-05-12 17:29:13;;0
432;2524;;;1;;2016-05-12 17:29:28;;0
433;4625;;Trung Nghĩa, Hạt Hố Nai Gp Xuân Lộc;1;;2016-06-27 07:42:22;;0
434;4633;;Thái Hòa, Gh Hòa Thanh, Gp Xuân Lộc;1;;2016-06-30 07:11:35;;0
435;4634;;Ngô Xá, Hạt Hòa Thanh, Gp Xuân Lộc;1;;2016-07-02 07:03:03;;0
436;4641;09/02/2018;Gx Mỹ Vân, Hạt Lạc An, Gp Phú Cường;2;;2016-07-12 08:39:37;;0
437;4177;;Thái Hòa. Hạt Hòa Thanh;2;;2016-07-15 22:12:32;;0
438;4647;;Kim Bích, Hạt Hố Nai;1;;2016-08-06 23:09:07;;0
439;1894;10/08/2016;Gx Phú Sơn, Hạt Phú Thịnh, Gp Xuân Lộc;2;;2016-08-10 17:49:10;;0
440;1895;10/08/2016;Gx Phú Sơn, Hạt Phú Thịnh, Gp Xuân Lộc;2;;2016-08-10 17:49:10;;0
441;1896;10/08/2016;Gx Phú Sơn, Hạt Phú Thịnh, Gp Xuân Lộc;2;;2016-08-10 17:49:11;;0
442;3622;10/08/2016;Gx Phú Sơn, Hạt Phú Thịnh, Gp Xuân Lộc;2;;2016-08-10 17:49:11;;0
443;3873;;Tiên Chu, Hạt Hòa Thanh, Gp Xuân Lộc;1;;2016-08-22 18:40:18;;0
444;4654;;Phước Nam, Gp Thanh Hóa;1;;2016-08-24 14:22:45;;0
445;4655;;Phước Nam, Gp Thanh Hóa;1;;2016-08-24 14:25:47;;0
446;3553;26/08/2016;Gx Xuân Hòa, Hạt Tân Mai, Gp Xuân Lộc;2;;2016-08-25 23:17:00;;0
447;3554;26/08/2016;Gx Xuân Hòa, Hạt Tân Mai, Gp Xuân Lộc;2;;2016-08-25 23:17:00;;0
448;615;24/09/2016;Hoa Kỳ;2;;2016-09-20 15:48:25;;0
449;4007;24/09/2016;Hoa Kỳ;2;;2016-09-20 15:48:25;;0
450;4384;24/09/2016;Hoa Kỳ;2;;2016-09-20 15:48:25;;0
451;4673;;Lộ Đức, Hạt Hòa Thanh, Gp Xuân Lộc;1;;2016-09-28 18:05:44;;0
452;4585;;Tân Lộc, Gp Cần Thơ;1;;2016-10-01 10:28:54;;0
453;4582;;Tân Lộc, Gp Cần Thơ;1;;2016-10-01 10:29:23;;0
454;4583;;Tân Lộc, Gp Cần Thơ;1;;2016-10-01 10:31:58;;0
455;4677;;Hà Nội, Hạt Hố Nai, Gp Xuân Lộc;1;;2016-10-11 08:00:04;;0
456;4681;;Bắc Hòa, Hạt Phú Thịnh, Gp Xuân Lộc;1;;2016-10-25 07:43:37;;0
457;4604;;Phục Lễ, Thái Bình;1;;2016-11-16 06:57:38;;0
458;4689;;Tân Mai Hạt Tân Mai, Gp Xuân Lộc;1;;2016-11-16 07:02:38;;0
459;4691;;Ngọc Đồng, Hạt Hòa Thanh, Gp Xuân Lộc;1;;2016-11-30 08:48:41;;0
460;3808;;Ngô Xá, Hạt Hòa Thanh, Gp Xuân Lộc;1;;2016-11-30 09:05:31;;0
461;4714;;Xuân Đông, Gp Xuân Lộc;1;;2017-01-19 08:13:05;;0
462;4715;;Xuân Đông, Gp Xuân Lộc;1;;2017-01-19 08:17:02;;0
463;2760;12/02/2017;Gx Thánh Tâm, Hạt Hố Nai, Gp Xuân Lộc;2;;2017-02-11 17:41:54;;0
464;2761;12/02/2017;Gx Thánh Tâm, Hạt Hố Nai, Gp Xuân Lộc;2;;2017-02-11 17:41:54;;0
465;2762;12/02/2017;Gx Thánh Tâm, Hạt Hố Nai, Gp Xuân Lộc;2;;2017-02-11 17:41:54;;0
466;2763;12/02/2017;Gx Thánh Tâm, Hạt Hố Nai, Gp Xuân Lộc;2;;2017-02-11 17:41:54;;0
467;3459;12/02/2017;Gx Thánh Tâm, Hạt Hố Nai, Gp Xuân Lộc;2;;2017-02-11 17:41:54;;0
468;1679;20/02/2017;Gx Bùi Chu, Hạt Phú Thịnh;2;;2017-02-20 16:15:21;;0
469;1680;20/02/2017;Gx Bùi Chu, Hạt Phú Thịnh;2;;2017-02-20 16:15:21;;0
470;1681;20/02/2017;Gx Bùi Chu, Hạt Phú Thịnh;2;;2017-02-20 16:15:21;;0
471;1682;20/02/2017;Gx Bùi Chu, Hạt Phú Thịnh;2;;2017-02-20 16:15:21;;0
472;1683;20/02/2017;Gx Bùi Chu, Hạt Phú Thịnh;2;;2017-02-20 16:15:22;;0
473;4163;20/02/2017;Gx Bùi Chu, Hạt Phú Thịnh;2;;2017-02-20 16:15:22;;0
474;3148;21/02/2017;Gx Phúc Lâm, Hạt Hố Nai;2;;2017-02-21 06:45:27;;0
475;3149;21/02/2017;Gx Phúc Lâm, Hạt Hố Nai;2;;2017-02-21 06:45:27;;0
476;3150;21/02/2017;Gx Phúc Lâm, Hạt Hố Nai;2;;2017-02-21 06:45:27;;0
477;3151;21/02/2017;Gx Phúc Lâm, Hạt Hố Nai;2;;2017-02-21 06:45:27;;0
478;3152;21/02/2017;Gx Phúc Lâm, Hạt Hố Nai;2;;2017-02-21 06:45:28;;0
479;3208;22/02/2017;Gx Thanh Hóa, Hạt Hòa Thanh, Gp Xuân Lộc;2;;2017-02-22 06:42:14;;0
480;3209;22/02/2017;Gx Thanh Hóa, Hạt Hòa Thanh, Gp Xuân Lộc;2;;2017-02-22 06:42:14;;0
481;4266;22/02/2017;Gx Thanh Hóa, Hạt Hòa Thanh, Gp Xuân Lộc;2;;2017-02-22 06:42:14;;0
482;4736;;Tiên Chu, Hạt Hòa Thanh, Gp Xuân Lộc;1;;2017-03-06 06:54:48;;0
483;4739;;Ba Đông, Hạt Hố Nai, Gp Xuân Lộc;1;;2017-03-09 09:51:19;;0
484;4742;;Hòa Bình, Hạt Hòa Thanh, Gp Xuân Lộc;1;;2017-03-22 06:45:30;;0
485;4402;07/04/2017;Gx Xuân Hòa, Hạt Tân Mai, Gp Xuân Lộc;2;;2017-04-07 08:20:57;;0
486;4403;07/04/2017;Gx Xuân Hòa, Hạt Tân Mai, Gp Xuân Lộc;2;;2017-04-07 08:20:57;;0
487;4404;07/04/2017;Gx Xuân Hòa, Hạt Tân Mai, Gp Xuân Lộc;2;;2017-04-07 08:20:57;;0
488;3806;26/04/2017;Gx Thánh Tâm, Hạt Hố Nai, Gp Xuân Lộc;2;;2017-04-26 09:14:52;;0
489;4761;;Hòa Bình, Hạt Hòa Thanh;1;;2017-05-10 20:44:37;;0
490;2622;27/06/2017;Hoa Kỳ;2;;2017-06-28 11:47:16;;0
491;2623;27/06/2017;Hoa Kỳ;2;;2017-06-28 11:47:16;;0
492;2624;28/03/2018;Gx Thánh Đaminh, Hạt Tân Mai, Gp Xuân Lộc;2;;2017-06-28 11:47:16;;0
493;2625;27/06/2017;Hoa Kỳ;2;;2017-06-28 11:47:16;;0
494;2626;27/06/2017;Hoa Kỳ;2;;2017-06-28 11:47:16;;0
495;2627;27/06/2017;Hoa Kỳ;2;;2017-06-28 11:47:17;;0
496;2628;27/06/2017;Hoa Kỳ;2;;2017-06-28 11:47:17;;0
497;2113;19/07/2017;Gx Tân Thành, Hạt Phú Thịnh;2;;2017-07-19 08:39:24;;0
498;2114;19/07/2017;Gx Tân Thành, Hạt Phú Thịnh;2;;2017-07-19 08:39:24;;0
499;2115;19/07/2017;Gx Tân Thành, Hạt Phú Thịnh;2;;2017-07-19 08:39:24;;0
500;2116;19/07/2017;Gx Tân Thành, Hạt Phú Thịnh;2;;2017-07-19 08:39:24;;0
501;3532;19/07/2017;Gx Tân Thành, Hạt Phú Thịnh;2;;2017-07-19 08:39:24;;0
502;4782;;Bắc Hải, Hạt Hố Nai, Gp Xuân Lộc;1;;2017-07-19 08:43:16;;0
503;4783;;Bắc Hải, Hạt Hố Nai, Gp Xuân Lộc;1;;2017-07-19 08:45:10;;0
504;4786;;Tiên Chu, Hạt Hòa Thanh, Gp Xuân Lộc;1;;2017-07-19 08:55:37;;0
505;4787;;Tiên Chu, Hạt Hòa Thanh, Gp Xuân Lộc;1;;2017-07-19 08:57:32;;0
506;387;24/07/2017;Gx Bùi Vĩnh, Hạt Tân Mai;2;;2017-07-23 21:02:22;;0
507;388;24/07/2017;Gx Bùi Vĩnh, Hạt Tân Mai;2;;2017-07-23 21:02:22;;0
508;389;24/07/2017;Gx Bùi Vĩnh, Hạt Tân Mai;2;;2017-07-23 21:02:22;;0
509;390;24/07/2017;Gx Bùi Vĩnh, Hạt Tân Mai;2;;2017-07-23 21:02:23;;0
510;3526;24/07/2017;Gx Bùi Vĩnh, Hạt Tân Mai;2;;2017-07-23 21:02:23;;0
511;1287;26/07/2017;Gx Thanh Hóa, Hạt Hòa Thanh, Gp Xuân Lộc;2;;2017-07-26 16:29:20;;0
512;1288;26/07/2017;Gx Thanh Hóa, Hạt Hòa Thanh, Gp Xuân Lộc;2;;2017-07-26 16:29:20;;0
513;1289;26/07/2017;Gx Thanh Hóa, Hạt Hòa Thanh, Gp Xuân Lộc;2;;2017-07-26 16:29:20;;0
514;3694;26/07/2017;Gx Thanh Hóa, Hạt Hòa Thanh, Gp Xuân Lộc;2;;2017-07-26 16:29:20;;0
515;4794;;Ngọc Đồng, Hòa Thanh, Xuân Lộc;1;;2017-08-03 10:05:18;;0
516;4795;;Ngọc Đồng, Hạt Hòa Thanh, Gp Xuân Lộc;1;;2017-08-03 10:06:52;;0
517;3243;23/08/2017;Gx Hà Nội, Hạt Hố Nai, Gp Xuân Lộc;2;;2017-08-21 21:30:01;;0
518;3244;23/08/2017;Gx Hà Nội, Hạt Hố Nai, Gp Xuân Lộc;2;;2017-08-21 21:30:02;;0
519;3414;23/08/2017;Gx Hà Nội, Hạt Hố Nai, Gp Xuân Lộc;2;;2017-08-21 21:30:02;;0
520;3240;14/09/2017;Gx Thánh Tâm, Hạt Hố Nai, Gp Xuân Lộc;2;;2017-09-14 16:35:23;;0
521;3241;14/09/2017;Gx Thánh Tâm, Hạt Hố Nai, Gp Xuân Lộc;2;;2017-09-14 16:35:23;;0
522;3242;14/09/2017;Gx Thánh Tâm, Hạt Hố Nai, Gp Xuân Lộc;2;;2017-09-14 16:35:24;;0
523;3931;14/09/2017;Gx Thánh Tâm, Hạt Hố Nai, Gp Xuân Lộc;2;;2017-09-14 16:35:24;;0
524;4815;;Đông Thành, Gp Thái Bình;1;;2017-09-18 21:29:05;;0
525;4821;;Hòa Bình, Hạt Hòa Thanh, Gp Xuân Lộc;1;;2017-09-20 07:00:17;;0
526;4819;;Hòa Bình, Hạt Hòa Thanh, Gp Xuân Lộc;1;;2017-09-20 07:05:20;;0
527;158;16/10/2017;Gx Tân Mai, Hạt Tân Mai Gp Xuân Lộc;2;;2017-10-16 06:58:04;;0
528;4082;16/10/2017;Gx Tân Mai, Hạt Tân Mai Gp Xuân Lộc;2;;2017-10-16 06:58:04;;0
529;4199;16/10/2017;Gx Tân Mai, Hạt Tân Mai Gp Xuân Lộc;2;;2017-10-16 06:58:05;;0
530;4842;;Sài Quất, Hạt Hòa Thanh, Gp Xuân Lộc;1;;2017-11-08 07:10:40;;0
531;3053;27/11/2017;Gx Thánh Tâm, Hạt Hố Nai, Gp Xuân Lộc;2;;2017-11-26 11:06:45;;0
532;3054;27/11/2017;Gx Thánh Tâm, Hạt Hố Nai, Gp Xuân Lộc;2;;2017-11-26 11:06:45;;0
533;3055;27/11/2017;Gx Thánh Tâm, Hạt Hố Nai, Gp Xuân Lộc;2;;2017-11-26 11:06:46;;0
534;3865;27/11/2017;Gx Thánh Tâm, Hạt Hố Nai, Gp Xuân Lộc;2;;2017-11-26 11:06:46;;0
535;4506;27/11/2017;Gx Thánh Tâm, Hạt Hố Nai, Gp Xuân Lộc;2;;2017-11-26 11:06:46;;0
536;4848;;Chuyên Mỹ, Tgp Hà Nội;1;;2017-12-13 06:19:33;;0
537;4855;;Lộ Đức, Hạt Hòa Thanh, Gp Xuân Lộc;1;;2018-01-07 22:42:27;;0
538;4515;;Lộ Đức, Hạt Hòa Thanh, Gp Xuân Lộc;1;;2018-01-07 22:53:36;;0
539;4860;;Lộ Đức, Hạt Hòa Thanh, Gp Xuân Lộc;1;;2018-01-07 23:04:33;;0
540;4862;24/09/2016;Hoa Kỳ;2;;2018-01-10 22:59:32;;0
541;4406;09/02/2018;Gx Mỹ Vân, Hạt Lạc An, Gp Phú Cường;2;;2018-02-09 16:08:31;;0
542;4729;09/02/2018;Gx Mỹ Vân, Hạt Lạc An, Gp Phú Cường;2;;2018-02-09 16:08:32;;0
543;4622;;Thượng Phúc, Hạt Lạc An, Gp Phú Cường;1;;2018-03-12 08:00:30;;0
544;4704;28/03/2018;Gx Thánh Đaminh, Hạt Tân Mai, Gp Xuân Lộc;2;;2018-03-28 06:54:25;;0
545;4891;;Hòa Bình, Hạt Hòa Thanh, Gp Xuân Lộc;1;;2018-04-19 09:03:52;;0
546;4892;;Hòa Bình, Hạt Hòa Thanh, Gp Xuân Lộc;1;;2018-04-19 09:13:00;;0
547;2224;;Trung Nghĩa. Hạt Hố Nai, Gp Xuân Lộc;2;;2018-04-23 06:49:51;;0
548;4893;;Gx Tiên Chu, Gh Hòa Thanh, Gp Xuân Lộc;1;;2018-04-24 07:03:22;;0
549;4894;;Gx Tiên Chu, Gh Hòa Thanh, Gp Xuân Lộc;1;;2018-04-24 07:06:54;;0
550;4899;;Thạch Lâm, Hạt Phương Lâm, Gp Xuân Lộc;1;;2018-04-27 10:29:22;;0
551;4900;;An Sơn, Gp;1;;2018-05-01 16:32:41;;0
552;4908;;Tiên Chu, Hạt Hòa Thanh, Gp Xuân Lộc;1;;2018-05-15 16:48:22;;0
553;4912;;Lộ Đức, Hạt Hòa Thanh, Gp Xuân Lộc;1;;2018-05-20 08:16:41;;0
554;4925;;Kẻ Sặt, Hạt Hố Nai, Gp Xuân Lộc;1;;2018-06-12 18:12:08;;0
555;4928;;Sài Quất, Hạt Hòa Thanh, Gp Xuân Lộc;1;;2018-06-16 16:29:28;;0
556;4349;20/06/2018;Gx Thái Hòa, Gh Hòa Thanh, Gp Xuân Lộc;2;;2018-06-20 08:09:38;;0
557;4596;20/06/2018;Gx Thái Hòa, Gh Hòa Thanh, Gp Xuân Lộc;2;;2018-06-20 08:09:39;;0
558;4930;;Tiên Chu, Hạt Hòa Thanh, Gp Xuân Lộc;1;;2018-06-21 08:05:20;;0
559;496;29/06/2018;Gx Phú Sơn, Hạt Phú Thịnh, Gp Xuân Lộc;2;;2018-06-29 10:21:46;;0
560;497;29/06/2018;Gx Phú Sơn, Hạt Phú Thịnh, Gp Xuân Lộc;2;;2018-06-29 10:21:47;;0
561;498;29/06/2018;Gx Phú Sơn, Hạt Phú Thịnh, Gp Xuân Lộc;2;;2018-06-29 10:21:47;;0
562;499;29/06/2018;Gx Phú Sơn, Hạt Phú Thịnh, Gp Xuân Lộc;2;;2018-06-29 10:21:47;;0
563;500;29/06/2018;Gx Phú Sơn, Hạt Phú Thịnh, Gp Xuân Lộc;2;;2018-06-29 10:21:47;;0
564;4765;;Thái Hòa, Hạt Hòa Thanh, Gp Xuân Lộc;1;;2018-07-04 07:07:38;;0
565;4466;19/07/2018;Gx Lai Ổn, Hạt Hòa Thanh Gp Xuân Lộc;2;;2018-07-19 07:08:40;;0
566;4467;19/07/2018;Gx Lai Ổn, Hạt Hòa Thanh Gp Xuân Lộc;2;;2018-07-19 07:08:40;;0
567;4478;19/07/2018;Gx Lai Ổn, Hạt Hòa Thanh Gp Xuân Lộc;2;;2018-07-19 07:08:41;;0
568;4942;;Lộ Đức, Hạt Hòa Thanh, Gp Xuân Lộc;1;;2018-07-28 10:58:42;;0
569;4944;;Quảng Biên, Hạt Phú Thịnh, Gp Xuân Lộc;1;;2018-08-01 17:17:32;;0
570;4961;;Gx Tiên Chu, Gh Hòa Thanh, Gp Xuân Lộc;1;;2018-08-23 06:59:08;;0
571;4964;;Gx Thái Hòa, Gh Hòa Thanh;1;;2018-08-25 22:08:11;;0
572;4873;;La Ngà, Gp Xuân Lộc;1;;2018-08-29 08:21:52;;0
573;936;03/09/2018;Gx Hà Nội, Hạt Hố Nai, Gp Xuân Lộc;2;;2018-09-03 06:54:13;;0
574;937;03/09/2018;Gx Hà Nội, Hạt Hố Nai, Gp Xuân Lộc;2;;2018-09-03 06:54:13;;0
575;938;03/09/2018;Gx Hà Nội, Hạt Hố Nai, Gp Xuân Lộc;2;;2018-09-03 06:54:13;;0
576;939;03/09/2018;Gx Hà Nội, Hạt Hố Nai, Gp Xuân Lộc;2;;2018-09-03 06:54:13;;0
577;2207;06/09/2018;Gx Rạch Giá, Hạt Kiên Giang, Gp Long Xuyên;2;;2018-09-06 07:40:08;;0
578;2208;06/09/2018;Gx Rạch Giá, Hạt Kiên Giang, Gp Long Xuyên;2;;2018-09-06 07:40:08;;0
579;2209;06/09/2018;Gx Rạch Giá, Hạt Kiên Giang, Gp Long Xuyên;2;;2018-09-06 07:40:08;;0
580;2210;06/09/2018;Gx Rạch Giá, Hạt Kiên Giang, Gp Long Xuyên;2;;2018-09-06 07:40:09;;0
581;2211;06/09/2018;Gx Rạch Giá, Hạt Kiên Giang, Gp Long Xuyên;2;;2018-09-06 07:40:09;;0
